path,label,split,group_id,camera_id
train_g0_c0.npy,0,train,train-group-0,demo-train
train_g0_c1.npy,0,train,train-group-0,demo-train
train_g0_c2.npy,0,train,train-group-0,demo-train
train_g0_c3.npy,0,train,train-group-0,demo-train
train_g1_c0.npy,1,train,train-group-1,demo-train
train_g1_c1.npy,1,train,train-group-1,demo-train
train_g1_c2.npy,1,train,train-group-1,demo-train
train_g1_c3.npy,1,train,train-group-1,demo-train
train_g2_c0.npy,0,train,train-group-2,demo-train
train_g2_c1.npy,0,train,train-group-2,demo-train
train_g2_c2.npy,0,train,train-group-2,demo-train
train_g2_c3.npy,0,train,train-group-2,demo-train
train_g3_c0.npy,1,train,train-group-3,demo-train
train_g3_c1.npy,1,train,train-group-3,demo-train
train_g3_c2.npy,1,train,train-group-3,demo-train
train_g3_c3.npy,1,train,train-group-3,demo-train
train_g4_c0.npy,0,train,train-group-4,demo-train
train_g4_c1.npy,0,train,train-group-4,demo-train
train_g4_c2.npy,0,train,train-group-4,demo-train
train_g4_c3.npy,0,train,train-group-4,demo-train
train_g5_c0.npy,1,train,train-group-5,demo-train
train_g5_c1.npy,1,train,train-group-5,demo-train
train_g5_c2.npy,1,train,train-group-5,demo-train
train_g5_c3.npy,1,train,train-group-5,demo-train
train_g6_c0.npy,0,train,train-group-6,demo-train
train_g6_c1.npy,0,train,train-group-6,demo-train
train_g6_c2.npy,0,train,train-group-6,demo-train
train_g6_c3.npy,0,train,train-group-6,demo-train
train_g7_c0.npy,1,train,train-group-7,demo-train
train_g7_c1.npy,1,train,train-group-7,demo-train
train_g7_c2.npy,1,train,train-group-7,demo-train
train_g7_c3.npy,1,train,train-group-7,demo-train
train_g8_c0.npy,0,train,train-group-8,demo-train
train_g8_c1.npy,0,train,train-group-8,demo-train
train_g8_c2.npy,0,train,train-group-8,demo-train
train_g8_c3.npy,0,train,train-group-8,demo-train
train_g9_c0.npy,1,train,train-group-9,demo-train
train_g9_c1.npy,1,train,train-group-9,demo-train
train_g9_c2.npy,1,train,train-group-9,demo-train
train_g9_c3.npy,1,train,train-group-9,demo-train
train_g10_c0.npy,0,train,train-group-10,demo-train
train_g10_c1.npy,0,train,train-group-10,demo-train
train_g10_c2.npy,0,train,train-group-10,demo-train
train_g10_c3.npy,0,train,train-group-10,demo-train
train_g11_c0.npy,1,train,train-group-11,demo-train
train_g11_c1.npy,1,train,train-group-11,demo-train
train_g11_c2.npy,1,train,train-group-11,demo-train
train_g11_c3.npy,1,train,train-group-11,demo-train
val_g0_c0.npy,0,val,val-group-0,demo-val
val_g0_c1.npy,0,val,val-group-0,demo-val
val_g0_c2.npy,0,val,val-group-0,demo-val
val_g0_c3.npy,0,val,val-group-0,demo-val
val_g1_c0.npy,1,val,val-group-1,demo-val
val_g1_c1.npy,1,val,val-group-1,demo-val
val_g1_c2.npy,1,val,val-group-1,demo-val
val_g1_c3.npy,1,val,val-group-1,demo-val
val_g2_c0.npy,0,val,val-group-2,demo-val
val_g2_c1.npy,0,val,val-group-2,demo-val
val_g2_c2.npy,0,val,val-group-2,demo-val
val_g2_c3.npy,0,val,val-group-2,demo-val
val_g3_c0.npy,1,val,val-group-3,demo-val
val_g3_c1.npy,1,val,val-group-3,demo-val
val_g3_c2.npy,1,val,val-group-3,demo-val
val_g3_c3.npy,1,val,val-group-3,demo-val
test_g0_c0.npy,0,test,test-group-0,demo-test
test_g0_c1.npy,0,test,test-group-0,demo-test
test_g0_c2.npy,0,test,test-group-0,demo-test
test_g0_c3.npy,0,test,test-group-0,demo-test
test_g1_c0.npy,1,test,test-group-1,demo-test
test_g1_c1.npy,1,test,test-group-1,demo-test
test_g1_c2.npy,1,test,test-group-1,demo-test
test_g1_c3.npy,1,test,test-group-1,demo-test
test_g2_c0.npy,0,test,test-group-2,demo-test
test_g2_c1.npy,0,test,test-group-2,demo-test
test_g2_c2.npy,0,test,test-group-2,demo-test
test_g2_c3.npy,0,test,test-group-2,demo-test
test_g3_c0.npy,1,test,test-group-3,demo-test
test_g3_c1.npy,1,test,test-group-3,demo-test
test_g3_c2.npy,1,test,test-group-3,demo-test
test_g3_c3.npy,1,test,test-group-3,demo-test
